{"BETA3_USA": 0.44205942225322303, "PVAL3_USA": 0.38690036997116795, "ANNEE_DEBUT": 1991, "ANNEE_FIN": 2020, "RHO": 0.8781972305404091, "HALFLIFE": 5.336660276777407}