{"BETA3": -0.00016933202513300018, "PVAL3": 0.9949632295852898, "N_PAYS": 159, "ANNEE_CROSS": 2020, "R2_CUB": 0.8411291939666611}