{"BETA3": -0.01381050156990138, "PVAL3": 0.010973013066704259, "N_PAYS": 159, "ANNEE_CROSS": 2020, "R2_CUB": 0.24638653721623716}